<?xml version="1.0" encoding="UTF-8"?>
<professional_development_and_support>
     
    <section1 apply_section_numbering="true">
        <title>Professional development and support</title>
        <text>
            <paragraph>Edexcel supports UK and international customers with training related to BTEC qualifications. This support is available through a choice of training options offered 
                in our published training directory, or through customised training at your centre.
            </paragraph>
            <describedlist>
                <list_description>The support we offer focuses on a range of issues including:</list_description>
                <unorderedlist>
                    <item>
                        <paragraph>planning for the delivery of a new programme</paragraph>
                    </item>
                    <item>
                        <paragraph>planning for assessment and grading</paragraph>
                    </item>
                    <item>
                        <paragraph>developing effective assignments</paragraph>
                    </item>
                    <item>
                        <paragraph>building your team and teamwork skills</paragraph>
                    </item>
                    <item>
                        <paragraph>developing learner-centred learning and teaching approaches</paragraph>
                    </item>
                    <item>
                        <paragraph>building functional skills into your programme</paragraph>
                    </item>
                    <item>
                        <paragraph>building in effective and efficient quality-assurance systems.</paragraph>
                    </item>
                </unorderedlist>
            </describedlist>
            <paragraph>The national programme of training we offer is on our website at www.edexcel.com/training. You can request customised training through the website or you can contact one of our advisers in the Training from Edexcel team via Customer Services to discuss your training needs.</paragraph>
        </text>
        <section2>
            <title>BTEC training and support for the lifetime of the qualification</title>
            <text>
                <paragraph>Training and networks: our training programme ranges from free introductory events through sector-specific opportunities to detailed training on all aspects of delivery, assignments and assessment. In addition, we have designed our new network events programme to allow you to share your experiences, ideas and best practice with other BTEC colleagues in your region. Sign up to the training you need at: www.btec.co.uk/training</paragraph>
                <paragraph>Regional support: our team of Curriculum Development Managers and Curriculum Support Consultants, based around the country, are responsible for providing advice and support in centres. They can help you with planning and curriculum developments. Call 0844 576 0027 to contact the curriculum team for your centre.</paragraph>
            </text> 
        </section2>
        
        <section2>
            <title>Your BTEC Support team</title>
            <text>
                <describedlist>
                    <list_description>Whether you want to talk to a sector specialist, browse online or submit your query for an individual response, there is someone in our BTEC Support team to help you whenever – and however – you need, with:</list_description>
                    <unorderedlist>
                        <item>
                            <paragraph>Welcome Packs for new BTEC centres: if you are delivering BTEC for the first time, we will send you a sector-specific Welcome Pack designed to help you get started with this qualification</paragraph>
                        </item>
                        <item>
                            <paragraph>Subject Advisers: find out more about our subject adviser team – immediate, reliable support from a fellow subject expert – at: www.edexcel.com/subjectadvisors</paragraph>
                        </item>
                        <item>
                            <paragraph>BTEC Hotline: call the BTEC Hotline on 0844 576 0026 with your query</paragraph>
                        </item>
                        <item>
                            <paragraph>Ask Edexcel: submit your question online to our Ask Edexcel online service (www.edexcel.com/ask) and we will make sure your query is handled by a subject specialist. </paragraph>
                        </item>
                        
                    </unorderedlist>
                </describedlist>
            </text>
        </section2>
    </section1>
</professional_development_and_support>
