<?xml version="1.0" encoding="UTF-8"?>

    
    
<annex>
    <annex_letter>E</annex_letter>
    <content>
        <section1 apply_section_numbering="false">
            <title>Synoptic assessment</title>
            <text>
                <paragraph>Synoptic assessment in this qualification is embedded throughout the assessment criteria across the units of study. The core units, together with mandatory units, provide the essential knowledge, understanding and skills required in Information and Creative Technology and underpin the content of the optional specialist units. </paragraph>
                <describedlist>
                    <list_description>Learners studying this qualification are able to demonstrate a number of synoptic approaches towards meeting the assessment criteria. These include:</list_description>
                    <unorderedlist>
                        <item>
                            <paragraph>showing links and holistic understanding/approaches to units of study from the specification</paragraph>
                        </item>
                        <item>
                            <paragraph>undertaking Unit 3: A Digital Portfolio, using work from all the completed units to build their digital portfolio</paragraph>
                        </item>
                        <item>
                            <paragraph>being able to interrelate overarching concepts and issues, bringing together their knowledge of information and creative technology</paragraph>
                        </item>
                        <item>
                            <paragraph>developing an appreciation of how topics relate to one another, and how each may contribute to different uses and applications of technology</paragraph>
                        </item>
                        <item>
                            <paragraph>making and applying connections to particular technology situations</paragraph>
                        </item>
                        <item>
                            <paragraph>demonstrating their ability to use and apply a range of different methods and/or techniques</paragraph>
                        </item>
                        <item>
                            <paragraph>being able to suggest or apply different approaches to contexts, situations, or in the effective tackling of specific technology-related problems</paragraph>
                        </item>
                        <item>
                            <paragraph>synthesising information gained from studying a number of different technology-based activities</paragraph>
                        </item>
                        <item>
                            <paragraph>using specialist terminology where appropriate</paragraph>
                        </item>
                        <item>
                            <paragraph>demonstrating use of transferable skills, e.g. communication skills and business awareness</paragraph>
                        </item>
                        <item>
                            <paragraph>demonstrating analytical and interpretation skills (of evidence and/or results) and the ability to formulate valid, well-argued responses</paragraph>
                        </item>
                        <item>
                            <paragraph>evaluating and justifying their decisions, choices and recommendations.</paragraph>
                        </item>
                    </unorderedlist>
                </describedlist>
            </text>
        </section1>
    </content>
</annex>
