<?xml version="1.0" encoding="UTF-8"?>
<Edexcel_BTEC_Level_1_Level_2_First>
     
    <section1>
        <title>Edexcel BTEC Level 1/Level 2 First Certificate and Extended Certificate In Information and Creative Technology
        </title>
        <text>
            <paragraph></paragraph>
            <describedlist>
                <list_description></list_description>
                <unorderedlist>
                    <item>
                        <paragraph></paragraph>
                    </item>
                </unorderedlist>
            </describedlist>
        </text>
        <section2>
            <title></title>
            <text>
                <paragraph></paragraph>
                <describedlist>
                    <list_description></list_description>
                    <unorderedlist>
                        <item>
                            <paragraph></paragraph>
                        </item>
                    </unorderedlist>
                </describedlist>
            </text>            
        </section2>
    </section1>
</Edexcel_BTEC_Level_1_Level_2_First>
