<?xml version="1.0" encoding="UTF-8"?>
<external_assessment>
     
    <section1 apply_section_numbering="true">
        <title>External assessment</title>
        <text>
            <describedlist>
                <list_description>Externally assessed units have the same grades as internally assessed units:</list_description>
                <unorderedlist>
                    <item>
                        <paragraph>Level 2 – Pass, Merit, Distinction</paragraph>
                    </item>
                    <item>
                        <paragraph>Level 1 </paragraph>
                    </item>
                    <item>
                        <paragraph>Unclassified.</paragraph>
                    </item>
                </unorderedlist>
            </describedlist>
            <paragraph>The table below shows the type of external assessment and assessment availability for this qualification.</paragraph>
            </text>
            <table cellspacing="0" cellpadding="1" alternaterowcolor="false">
                 <tbody>
                     <tr>
                         <th colspan="2">
                             <paragraph>Unit 1: The Online World</paragraph>
                         </th>
                     </tr>
                     <tr>
                         <td rowspan="3">
                             <paragraph>Type of external assessment</paragraph>
                         </td>
                         <td>
                             <paragraph>This unit is externally assessed using an onscreen test.</paragraph>
                         </td>
                     </tr>
                     <tr>
                         <td>
                             <paragraph>Edexcel sets and marks the test.</paragraph>
                         </td>
                     </tr>
                     <tr>
                         <td>
                             <paragraph>The assessment must be taken by the learner under examination conditions.</paragraph>
                         </td>
                     </tr>
                     <tr>
                         <td>
                             <paragraph>Length of assessment</paragraph>
                         </td>
                         <td>
                             <paragraph>The external assessment will be 1 hour.</paragraph>
                         </td>
                     </tr>
                     <tr>
                         <td>
                             <paragraph>No. of marks</paragraph>
                         </td>
                         <td>
                             <paragraph>50 marks</paragraph>
                         </td>
                     </tr>
                     <tr>
                         <td>
                             <paragraph>Assessment availability</paragraph>
                         </td>
                         <td>
                             <paragraph>On demand</paragraph>
                         </td>
                     </tr>
                     <tr>
                         <td>
                             <paragraph>First assessment availability</paragraph>
                         </td>
                         <td>
                             <paragraph>September 2013</paragraph>
                         </td>
                     </tr>
                 </tbody>
             </table>
            
             <table cellspacing="0" cellpadding="1" alternaterowcolor="false">
                 <tbody>
                     <tr>
                         <th colspan="2">
                             <paragraph>Unit 2: Technology Systems</paragraph>
                         </th>
                     </tr>
                     <tr>
                         <td rowspan="3">
                             <paragraph>Type of external assessment</paragraph>
                         </td>
                         <td>
                             <paragraph>This unit is externally assessed using an onscreen test.</paragraph>
                         </td>
                     </tr>
                     <tr>
                         <td>
                             <paragraph>Edexcel sets and marks the test.</paragraph>
                         </td>
                     </tr>
                     <tr>
                         <td>
                             <paragraph>The assessment must be taken by the learner under examination conditions.</paragraph>
                         </td>
                     </tr>
                     <tr>
                         <td>
                             <paragraph>Length of assessment</paragraph>
                         </td>
                         <td>
                             <paragraph>The external assessment will be 1 hour.</paragraph>
                         </td>
                     </tr>
                     <tr>
                         <td>
                             <paragraph>No. of marks</paragraph>
                         </td>
                         <td>
                             <paragraph>50 marks</paragraph>
                         </td>
                     </tr>
                     <tr>
                         <td>
                             <paragraph>Assessment availability</paragraph>
                         </td>
                         <td>
                             <paragraph>On demand</paragraph>
                         </td>
                     </tr>
                     <tr>
                         <td>
                             <paragraph>First assessment availability</paragraph>
                         </td>
                         <td>
                             <paragraph>September 2013</paragraph>
                         </td>
                     </tr>
                 </tbody>
             </table>
            <text>
            <describedlist>
                <list_description>Your centre needs to make sure that learners are:</list_description>
                <unorderedlist>
                    <item>
                        <paragraph>fully prepared to sit the external assessment</paragraph>
                    </item>
                    <item>
                        <paragraph>entered for assessments at appropriate times, with due regard for resit opportunities as necessary.</paragraph>
                    </item>
                </unorderedlist>
            </describedlist>
            <paragraph>Sample assessment materials will be available to help centres prepare learners for assessment. Specific arrangements for external assessment are available before the start of each academic year on our website: www.edexcel.com</paragraph>
        </text>
        <section2>
            <title>Grade descriptors for the internal and external units</title>
            <section3>
                <title>Internal units</title>
                <text>
                    <paragraph>Each internally assessed unit has specific assessment criteria that your centre must use to judge learner work in order to arrive at a grading decision for the unit as a whole. For internally assessed units, the assessor judges the evidence that the learner has presented to determine whether it meets all the relevant criteria, and then awards a grade at the appropriate level.</paragraph>
                    <describedlist>
                        <list_description>The criteria are arrived at with reference to the following grading characteristics:</list_description>
                        <unorderedlist>
                            <item>
                                <paragraph>applying knowledge and understanding in vocational and realistic contexts, with reference to relevant concepts and processes, to achieve tasks, produce outcomes and review the success of outcomes</paragraph>
                            </item>
                            <item>
                                <paragraph>developing and applying practical and technical skills, acting with increasing independence to select and apply skills through processes and with effective use of resources to achieve, explain and review the success of intended outcomes</paragraph>
                            </item>
                            <item>
                                <paragraph>developing generic skills for work through management of self, working in a team, the use of a variety of relevant communication and presentation skills, and the development of critical thinking skills relevant to vocational contexts.</paragraph>
                            </item>
                        </unorderedlist>
                    </describedlist>
                </text>
            </section3>
            <section3>
                <title>External units</title>
                <text>
                    <paragraph>The externally assessed units are assessed using both marks-based and levels-based schemes. For each external assessment, grade boundaries, based on learner performance, will be set by the awarding organisation. 
                        The following criteria are used in the setting and awarding of the external units.
                    </paragraph>
                </text>
                <section4>
                    <title>Level 2 Pass</title>
                    <text>
                        <paragraph>Learners are able to recall and apply knowledge of information technology and creative technology. They will have a sound knowledge of key terms, processes, computer hardware and computer software, and will be able to apply their knowledge and understanding appropriately. They will be able to define and communicate key aspects of technical knowledge, selecting appropriate actions in more simple and familiar contexts. They will be able to relate their knowledge and understanding to vocational contexts, making some decisions on valid application and impact.</paragraph>
                    </text>
                </section4>
                <section4>
                    <title>Level 2 Distinction</title>
                    <text>
                        <paragraph>Learners are able to synthesise knowledge of information technology and creative technology, bringing together understanding of their uses and limitations and applying them to sometimes complex contexts in defined vocational scenarios. They should demonstrate depth of knowledge of the technical components of computing systems and relevant processes. Learners will understand how and when to use their knowledge in different situations, being able to make effective judgements based on analysis of given information. They will be able to analyse information and data, selecting the most relevant concepts and making valid decisions about the selection and application of systems and software. They can judge the consequences of effective and ineffective uses of computer systems and software, and make recommendations on solutions and future actions. They can compare methods and approaches used to construct, use and apply computer systems, and evaluate alternatives against defined criteria.</paragraph>
                    </text>
                </section4>
            </section3>
        </section2>
    </section1>
</external_assessment>
