<?xml version="1.0" encoding="UTF-8"?>
<further_information_useful_publications>
     
    <section1 apply_section_numbering="true">
        <title>Further information and useful publications
        </title>
        <text>
            <paragraph>For further information about the qualification featured in this specification, 
                or other Edexcel qualifications, please call Customer Services on 0844 576 0026 (calls may be monitored for quality and training purposes) or visit our website (www.edexcel.com).
            </paragraph>
            <describedlist>
                <list_description>Related information and publications include:</list_description>
                <unorderedlist>
                    <item>
                        <paragraph>Equality Policy</paragraph>
                    </item>
                    <item>
                        <paragraph>Information Manual (updated annually)</paragraph>
                    </item>
                    <item>
                        <paragraph>Access Arrangements, Reasonable Adjustments and Special Considerations</paragraph>
                    </item>
                    <item>
                        <paragraph>Quality Assurance Handbook (updated annually)</paragraph>
                            <unorderedlist>
                                <item>
                                    <paragraph>Publications on the quality assurance of BTEC qualifications are on our website at www.btec.co.uk/keydocuments </paragraph>
                                </item>
                            </unorderedlist>
                    </item>
                </unorderedlist>
            </describedlist>
            <paragraph>Our publications catalogue lists all the material available to support our qualifications. 
                To access the catalogue and order publications, please go to www.edexcel.com/resources
            </paragraph>
        </text>
        <section2>
            <title>Additional documentation</title>
            <text>
                <describedlist>
                    <list_description>Additional materials include:</list_description>
                    <unorderedlist>
                        <item>
                            <paragraph>Sample Assessment Material (for the external units)</paragraph>
                        </item>
                        <item>
                            <paragraph>a guide to Getting Started with BTEC</paragraph>
                        </item>
                        <item>
                            <paragraph>guides to our support for planning, delivery and assessment (including sample assignment briefs).</paragraph>
                        </item>
                    </unorderedlist>
                </describedlist>
                <paragraph>Visit www.btec.co.uk/2012 for more information.</paragraph>
            </text>
        </section2>
        
        <section2>
            <title>Additional resources</title>
            <text>
                <paragraph>If you need to source further learning and teaching material to support planning and delivery for your learners, there is a wide range of BTEC resources available to you.</paragraph>
                <paragraph>Any publisher can seek endorsement for their resources, and, if they are successful, we will list their BTEC resources on our website www.edexcel.com/resources</paragraph>
            </text>
        </section2>
    </section1>
</further_information_useful_publications>
