<?xml version="1.0" encoding="UTF-8"?>
<quality_assurance_of_centres>
     
    <section1 apply_section_numbering="true">
        <title>Quality assurance of centres</title>
        <text>
            <paragraph>Edexcel will produce on an annual basis the BTEC Quality Assurance Handbook, which will contain detailed guidance on the quality processes required to underpin robust assessment and internal verification.</paragraph>
            <describedlist>
                <list_description>The key principles of quality assurance are that:</list_description>
                <unorderedlist>
                    <item>
                        <paragraph>a centre delivering BTEC programmes must be an approved centre, and must have approval for the programmes or groups of programmes that it is delivering</paragraph>
                    </item>
                    <item>
                        <paragraph>the centre agrees, as part of gaining approval, to abide by specific terms and conditions around the effective delivery and quality assurance of assessment;it must abide by these conditions throughout the period of delivery</paragraph>
                    </item>
                    <item>
                        <paragraph>Edexcel makes available to approved centres a range of materials and opportunities, through online standardisation, intended to exemplify the processes required for effective assessment, and examples of effective standards. Approved centres must use the materials and services to ensure that all staff delivering BTEC qualifications keep up to date with the guidance on assessment</paragraph>
                    </item>
                    <item>
                        <paragraph>an approved centre must follow agreed protocols for standardisation of assessors and verifiers, for the planning, monitoring and recording of assessment processes, and for dealing with special circumstances, appeals and malpractice.</paragraph>
                    </item>
                </unorderedlist>
            </describedlist>
            <paragraph>The approach of quality-assured assessment is through a partnership between an approved centre and Edexcel. We will make sure that each centre follows best practice and employs appropriate technology to support quality-assurance processes, where practicable. We work to support centres and seek to make sure that our quality-assurance processes do not place undue bureaucratic processes on centres.</paragraph>
            <describedlist>
                <list_description>We monitor and support centres in the effective operation of assessment and quality assurance. The methods we use to do this for BTEC First programmes include:</list_description>
                <unorderedlist>
                    <item>
                        <paragraph>making sure that all centres complete appropriate declarations at the time of approval</paragraph>
                    </item>
                    <item>
                        <paragraph>undertaking approval visits to centres</paragraph>
                    </item>
                    <item>
                        <paragraph>making sure that centres have effective teams of assessors and verifiers who are trained to undertake assessment</paragraph>
                    </item>
                    <item>
                        <paragraph>assessment sampling and verification, through requested samples of assessments, completed assessed learner work and associated documentation</paragraph>
                    </item>
                    <item>
                        <paragraph>an overarching review and assessment of a centre’s strategy for assessing and quality assuring its BTEC programmes.</paragraph>
                    </item>
                </unorderedlist>
            </describedlist>
            <paragraph>An approved centre must make certification claims only when authorised by us and strictly in accordance with requirements for reporting.</paragraph>
            <paragraph>Centres that do not fully address and maintain rigorous approaches to quality assurance cannot seek certification for individual programmes or for all BTEC First programmes. Centres that do not comply with remedial action plans may have their approval to deliver qualifications removed.</paragraph>
        </text>
    </section1>
</quality_assurance_of_centres>
